Date,Ticker,Open,High,Low,Close,Adj Close,Volume
2024-03-27,GEV,115.0,135.0,115.0,131.25,130.9944610595703,4960400
2024-03-27,GEV,115.0,135.0,115.0,131.25,130.9944610595703,4960400
2024-03-28,GEV,137.92999267578125,137.92999267578125,129.9600067138672,136.75,136.4837646484375,2239100
2024-03-28,GEV,137.92999267578125,137.92999267578125,129.9600067138672,136.75,136.4837646484375,2239100
2024-04-01,GEV,141.00999450683594,144.3300018310547,137.07000732421875,142.02000427246094,141.74349975585938,1029500
2024-04-01,GEV,141.00999450683594,144.3300018310547,137.07000732421875,142.02000427246094,141.74349975585938,1029500
2024-04-02,GEV,142.85000610351562,152.47999572753906,138.63999938964844,140.0,139.72744750976562,18246100
2024-04-02,GEV,142.85000610351562,152.47999572753906,138.63999938964844,140.0,139.72744750976562,18246100
2024-04-03,GEV,142.3000030517578,144.0,135.8000030517578,137.33999633789062,137.07261657714844,8866900
2024-04-03,GEV,142.3000030517578,144.0,135.8000030517578,137.33999633789062,137.07261657714844,8866900
2024-04-04,GEV,136.0,139.35000610351562,125.26000213623048,126.05999755859376,125.8145751953125,14207700
2024-04-04,GEV,136.0,139.35000610351562,125.26000213623048,126.05999755859376,125.8145751953125,14207700
2024-04-05,GEV,125.5,128.17999267578125,119.0,122.6999969482422,122.46111297607422,16054800
2024-04-05,GEV,125.5,128.17999267578125,119.0,122.6999969482422,122.46111297607422,16054800
2024-04-08,GEV,126.12999725341795,131.9499969482422,125.86000061035156,129.9600067138672,129.7069854736328,12195000
2024-04-08,GEV,126.12999725341795,131.9499969482422,125.86000061035156,129.9600067138672,129.7069854736328,12195000
2024-04-09,GEV,130.8699951171875,133.60000610351562,128.25,132.1699981689453,131.9126739501953,9143500
2024-04-09,GEV,130.8699951171875,133.60000610351562,128.25,132.1699981689453,131.9126739501953,9143500
2024-04-10,GEV,129.5,139.92999267578125,128.94000244140625,138.3699951171875,138.10060119628906,8376800
2024-04-10,GEV,129.5,139.92999267578125,128.94000244140625,138.3699951171875,138.10060119628906,8376800
2024-04-11,GEV,139.1999969482422,139.32000732421875,136.41000366210938,136.57000732421875,136.30413818359375,5326900
2024-04-11,GEV,139.1999969482422,139.32000732421875,136.41000366210938,136.57000732421875,136.30413818359375,5326900
2024-04-12,GEV,135.0,138.11000061035156,133.55499267578125,134.0,133.73912048339844,3765200
2024-04-12,GEV,135.0,138.11000061035156,133.55499267578125,134.0,133.73912048339844,3765200
2024-04-15,GEV,134.60000610351562,135.32000732421875,129.85000610351562,131.75,131.49349975585938,3724900
2024-04-15,GEV,134.60000610351562,135.32000732421875,129.85000610351562,131.75,131.49349975585938,3724900
2024-04-16,GEV,132.5,133.0500030517578,128.25,130.07000732421875,129.8167724609375,5870900
2024-04-16,GEV,132.5,133.0500030517578,128.25,130.07000732421875,129.8167724609375,5870900
2024-04-17,GEV,132.0399932861328,138.17999267578125,131.25,134.75,134.48765563964844,6154600
2024-04-17,GEV,132.0399932861328,138.17999267578125,131.25,134.75,134.48765563964844,6154600
2024-04-18,GEV,138.14999389648438,138.41000366210938,135.42999267578125,137.22000122070312,136.95285034179688,5022300
2024-04-18,GEV,138.14999389648438,138.41000366210938,135.42999267578125,137.22000122070312,136.95285034179688,5022300
2024-04-19,GEV,137.25,140.58999633789062,134.90499877929688,135.10000610351562,134.8369903564453,4518800
2024-04-19,GEV,137.25,140.58999633789062,134.90499877929688,135.10000610351562,134.8369903564453,4518800
2024-04-22,GEV,135.52000427246094,137.13999938964844,132.11000061035156,136.69000244140625,136.42388916015625,2435000
2024-04-22,GEV,135.52000427246094,137.13999938964844,132.11000061035156,136.69000244140625,136.42388916015625,2435000
2024-04-23,GEV,138.4600067138672,148.35000610351562,137.8699951171875,147.8300018310547,147.5421905517578,4682800
2024-04-23,GEV,138.4600067138672,148.35000610351562,137.8699951171875,147.8300018310547,147.5421905517578,4682800
2024-04-24,GEV,147.0,149.89999389648438,144.35000610351562,146.17999267578125,145.89541625976562,4684600
2024-04-24,GEV,147.0,149.89999389648438,144.35000610351562,146.17999267578125,145.89541625976562,4684600
2024-04-25,GEV,143.0,152.13999938964844,138.67300415039062,148.30999755859375,148.02125549316406,6069300
2024-04-25,GEV,143.0,152.13999938964844,138.67300415039062,148.30999755859375,148.02125549316406,6069300
2024-04-26,GEV,153.63999938964844,157.25,150.1999969482422,153.07000732421875,152.77200317382812,4230500
2024-04-26,GEV,153.63999938964844,157.25,150.1999969482422,153.07000732421875,152.77200317382812,4230500
2024-04-29,GEV,153.5800018310547,159.5500030517578,153.5800018310547,159.00999450683594,158.70042419433594,5416300
2024-04-29,GEV,153.5800018310547,159.5500030517578,153.5800018310547,159.00999450683594,158.70042419433594,5416300
2024-04-30,GEV,158.13999938964844,163.10000610351562,152.25,153.7100067138672,153.41075134277344,3490100
2024-04-30,GEV,158.13999938964844,163.10000610351562,152.25,153.7100067138672,153.41075134277344,3490100
2024-05-01,GEV,154.19000244140625,156.6999969482422,149.42100524902344,151.6699981689453,151.3747100830078,3396800
2024-05-01,GEV,154.19000244140625,156.6999969482422,149.42100524902344,151.6699981689453,151.3747100830078,3396800
2024-05-02,GEV,153.52999877929688,155.44000244140625,151.65899658203125,153.8300018310547,153.53050231933594,2530700
2024-05-02,GEV,153.52999877929688,155.44000244140625,151.65899658203125,153.8300018310547,153.53050231933594,2530700
2024-05-03,GEV,155.6300048828125,167.1699981689453,155.13999938964844,166.25999450683594,165.93630981445312,4635100
2024-05-03,GEV,155.6300048828125,167.1699981689453,155.13999938964844,166.25999450683594,165.93630981445312,4635100
2024-05-06,GEV,167.16000366210938,171.1699981689453,164.50999450683594,169.13999938964844,168.8107147216797,4007000
2024-05-06,GEV,167.16000366210938,171.1699981689453,164.50999450683594,169.13999938964844,168.8107147216797,4007000
2024-05-07,GEV,168.66000366210938,173.5,167.1649932861328,167.36000061035156,167.03416442871094,2884800
2024-05-07,GEV,168.66000366210938,173.5,167.1649932861328,167.36000061035156,167.03416442871094,2884800
2024-05-08,GEV,167.0,167.00999450683594,163.22500610351562,164.0,163.6807098388672,3679700
2024-05-08,GEV,167.0,167.00999450683594,163.22500610351562,164.0,163.6807098388672,3679700
2024-05-09,GEV,165.0,168.72000122070312,164.64999389648438,166.39999389648438,166.07603454589844,4022600
2024-05-09,GEV,165.0,168.72000122070312,164.64999389648438,166.39999389648438,166.07603454589844,4022600
2024-05-10,GEV,169.0,170.8000030517578,165.99000549316406,167.27000427246094,166.94435119628906,3459600
2024-05-10,GEV,169.0,170.8000030517578,165.99000549316406,167.27000427246094,166.94435119628906,3459600
2024-05-13,GEV,165.0,167.5500030517578,160.17999267578125,161.52999877929688,161.21551513671875,4413800
2024-05-13,GEV,165.0,167.5500030517578,160.17999267578125,161.52999877929688,161.21551513671875,4413800
2024-05-14,GEV,160.69000244140625,166.55499267578125,158.86000061035156,165.6300048828125,165.30755615234375,3855400
2024-05-14,GEV,160.69000244140625,166.55499267578125,158.86000061035156,165.6300048828125,165.30755615234375,3855400
2024-05-15,GEV,168.36000061035156,172.35000610351562,166.95599365234375,167.8699951171875,167.5431671142578,2572000
2024-05-15,GEV,168.36000061035156,172.35000610351562,166.95599365234375,167.8699951171875,167.5431671142578,2572000
2024-05-16,GEV,168.02999877929688,170.0,166.35000610351562,166.39999389648438,166.07603454589844,1604400
2024-05-16,GEV,168.02999877929688,170.0,166.35000610351562,166.39999389648438,166.07603454589844,1604400
2024-05-17,GEV,166.8800048828125,167.63999938964844,160.94000244140625,162.6199951171875,162.30340576171875,1937200
2024-05-17,GEV,166.8800048828125,167.63999938964844,160.94000244140625,162.6199951171875,162.30340576171875,1937200
2024-05-20,GEV,163.05999755859375,164.3000030517578,160.2100067138672,160.9499969482422,160.6366424560547,1736100
2024-05-20,GEV,163.05999755859375,164.3000030517578,160.2100067138672,160.9499969482422,160.6366424560547,1736100
2024-05-21,GEV,160.24000549316406,164.49000549316406,159.07000732421875,163.92999267578125,163.61082458496094,1945300
2024-05-21,GEV,160.24000549316406,164.49000549316406,159.07000732421875,163.92999267578125,163.61082458496094,1945300
2024-05-22,GEV,164.2899932861328,167.36000061035156,163.0,163.85000610351562,163.531005859375,2018900
2024-05-22,GEV,164.2899932861328,167.36000061035156,163.0,163.85000610351562,163.531005859375,2018900
2024-05-23,GEV,166.4199981689453,170.0,161.44000244140625,161.6699981689453,161.35523986816406,3139000
2024-05-23,GEV,166.4199981689453,170.0,161.44000244140625,161.6699981689453,161.35523986816406,3139000
2024-05-24,GEV,162.80999755859375,177.77000427246094,162.08999633789062,177.42999267578125,177.0845489501953,4294100
2024-05-24,GEV,162.80999755859375,177.77000427246094,162.08999633789062,177.42999267578125,177.0845489501953,4294100
2024-05-28,GEV,178.33999633789062,182.77999877929688,176.77999877929688,178.08999633789062,177.74327087402344,2632700
2024-05-28,GEV,178.33999633789062,182.77999877929688,176.77999877929688,178.08999633789062,177.74327087402344,2632700
2024-05-29,GEV,176.0,178.69000244140625,174.0959930419922,177.32000732421875,176.97479248046875,1537700
2024-05-29,GEV,176.0,178.69000244140625,174.0959930419922,177.32000732421875,176.97479248046875,1537700
2024-05-30,GEV,176.97000122070312,177.80999755859375,174.5,175.0800018310547,174.73912048339844,2034100
2024-05-30,GEV,176.97000122070312,177.80999755859375,174.5,175.0800018310547,174.73912048339844,2034100
2024-05-31,GEV,177.10000610351562,179.76499938964844,165.39999389648438,175.89999389648438,175.55752563476562,5454900
2024-05-31,GEV,177.10000610351562,179.76499938964844,165.39999389648438,175.89999389648438,175.55752563476562,5454900
2024-06-03,GEV,178.92999267578125,179.0,166.44000244140625,170.3699951171875,170.03829956054688,3434800
2024-06-03,GEV,178.92999267578125,179.0,166.44000244140625,170.3699951171875,170.03829956054688,3434800
2024-06-04,GEV,168.35000610351562,169.41000366210938,161.3300018310547,163.0399932861328,162.7225799560547,5279800
2024-06-04,GEV,168.35000610351562,169.41000366210938,161.3300018310547,163.0399932861328,162.7225799560547,5279800
2024-06-05,GEV,165.08999633789062,168.3000030517578,162.47000122070312,163.49000549316406,163.1717071533203,8005500
2024-06-05,GEV,165.08999633789062,168.3000030517578,162.47000122070312,163.49000549316406,163.1717071533203,8005500
2024-06-06,GEV,163.25,164.1300048828125,155.5,160.30999755859375,159.99789428710938,5249000
2024-06-06,GEV,163.25,164.1300048828125,155.5,160.30999755859375,159.99789428710938,5249000
2024-06-07,GEV,159.5,165.75999450683594,159.0399932861328,162.0800018310547,161.7644500732422,4850300
2024-06-07,GEV,159.5,165.75999450683594,159.0399932861328,162.0800018310547,161.7644500732422,4850300
2024-06-10,GEV,161.22000122070312,170.0,160.59800720214844,166.63999938964844,166.31556701660156,4223600
2024-06-10,GEV,161.22000122070312,170.0,160.59800720214844,166.63999938964844,166.31556701660156,4223600
2024-06-11,GEV,165.5,168.5399932861328,163.3000030517578,168.22999572753906,167.90248107910156,2036100
2024-06-11,GEV,165.5,168.5399932861328,163.3000030517578,168.22999572753906,167.90248107910156,2036100
2024-06-12,GEV,171.5399932861328,179.22000122070312,171.15499877929688,177.52000427246094,177.1743927001953,4016500
2024-06-12,GEV,171.5399932861328,179.22000122070312,171.15499877929688,177.52000427246094,177.1743927001953,4016500
2024-06-13,GEV,179.8000030517578,181.9600067138672,172.83999633789062,176.1699981689453,175.82701110839844,3462200
2024-06-13,GEV,179.8000030517578,181.9600067138672,172.83999633789062,176.1699981689453,175.82701110839844,3462200
2024-06-14,GEV,174.08999633789062,174.77999877929688,166.1999969482422,170.1699981689453,169.83868408203125,3128300
2024-06-14,GEV,174.08999633789062,174.77999877929688,166.1999969482422,170.1699981689453,169.83868408203125,3128300
2024-06-17,GEV,169.75,171.8800048828125,166.14999389648438,168.75999450683594,168.4314422607422,2804200
2024-06-17,GEV,169.75,171.8800048828125,166.14999389648438,168.75999450683594,168.4314422607422,2804200
2024-06-18,GEV,167.94000244140625,180.25,166.3300018310547,179.57000732421875,179.22039794921875,3364900
2024-06-18,GEV,167.94000244140625,180.25,166.3300018310547,179.57000732421875,179.22039794921875,3364900
2024-06-20,GEV,178.47000122070312,185.5,175.09500122070312,177.17999267578125,176.83505249023438,4005300
2024-06-20,GEV,178.47000122070312,185.5,175.09500122070312,177.17999267578125,176.83505249023438,4005300
2024-06-21,GEV,177.10000610351562,177.17999267578125,170.39999389648438,175.72999572753906,175.3878631591797,3793000
2024-06-21,GEV,177.10000610351562,177.17999267578125,170.39999389648438,175.72999572753906,175.3878631591797,3793000
2024-06-24,GEV,176.5500030517578,179.14999389648438,174.77000427246094,178.13999938964844,177.79318237304688,2552900
2024-06-24,GEV,176.5500030517578,179.14999389648438,174.77000427246094,178.13999938964844,177.79318237304688,2552900
2024-06-25,GEV,179.8000030517578,181.5,176.27000427246094,181.4499969482422,181.09674072265625,2553400
2024-06-25,GEV,179.8000030517578,181.5,176.27000427246094,181.4499969482422,181.09674072265625,2553400
2024-06-26,GEV,180.88999938964844,181.7250061035156,177.6199951171875,180.0,179.64955139160156,2284000
2024-06-26,GEV,180.88999938964844,181.7250061035156,177.6199951171875,180.0,179.64955139160156,2284000
2024-06-27,GEV,178.38999938964844,179.2729949951172,173.25,176.27999877929688,175.93679809570312,2541300
2024-06-27,GEV,178.38999938964844,179.2729949951172,173.25,176.27999877929688,175.93679809570312,2541300
2024-06-28,GEV,174.8000030517578,176.3000030517578,167.1750030517578,171.50999450683594,171.1760711669922,3783600
2024-06-28,GEV,174.8000030517578,176.3000030517578,167.1750030517578,171.50999450683594,171.1760711669922,3783600
2024-07-01,GEV,171.0,171.1999969482422,165.1199951171875,167.52000427246094,167.19386291503906,2748200
2024-07-01,GEV,171.0,171.1999969482422,165.1199951171875,167.52000427246094,167.19386291503906,2748200
2024-07-02,GEV,165.41000366210938,171.97999572753906,165.41000366210938,169.80999755859375,169.47940063476562,2447400
2024-07-02,GEV,165.41000366210938,171.97999572753906,165.41000366210938,169.80999755859375,169.47940063476562,2447400
2024-07-03,GEV,170.10000610351562,174.77999877929688,169.17999267578125,172.67999267578125,172.34381103515625,1317200
2024-07-03,GEV,170.10000610351562,174.77999877929688,169.17999267578125,172.67999267578125,172.34381103515625,1317200
2024-07-05,GEV,171.5,177.44000244140625,171.25999450683594,176.22999572753906,175.88690185546875,1629500
2024-07-05,GEV,171.5,177.44000244140625,171.25999450683594,176.22999572753906,175.88690185546875,1629500
2024-07-08,GEV,176.80999755859375,178.60000610351562,174.1699981689453,174.3699951171875,174.030517578125,1659100
2024-07-08,GEV,176.80999755859375,178.60000610351562,174.1699981689453,174.3699951171875,174.030517578125,1659100
2024-07-09,GEV,174.27999877929688,174.8300018310547,172.60000610351562,172.97999572753906,172.64321899414062,1800600
2024-07-09,GEV,174.27999877929688,174.8300018310547,172.60000610351562,172.97999572753906,172.64321899414062,1800600
2024-07-10,GEV,174.92999267578125,179.8000030517578,174.60000610351562,179.72999572753906,179.3800811767578,1835700
2024-07-10,GEV,174.92999267578125,179.8000030517578,174.60000610351562,179.72999572753906,179.3800811767578,1835700
2024-07-11,GEV,181.0,183.16000366210935,176.5500030517578,176.6999969482422,176.35598754882812,2574500
2024-07-11,GEV,181.0,183.16000366210935,176.5500030517578,176.6999969482422,176.35598754882812,2574500
2024-07-12,GEV,177.9499969482422,184.33099365234372,174.39999389648438,180.4499969482422,180.0986785888672,1603900
2024-07-12,GEV,177.9499969482422,184.33099365234372,174.39999389648438,180.4499969482422,180.0986785888672,1603900
2024-07-15,GEV,180.2400054931641,181.80999755859372,176.5,177.44000244140625,177.09454345703125,3026400
2024-07-15,GEV,180.2400054931641,181.80999755859372,176.5,177.44000244140625,177.09454345703125,3026400
2024-07-16,GEV,178.77999877929688,183.88999938964844,178.17999267578125,182.7400054931641,182.3842315673828,1789700
2024-07-16,GEV,178.77999877929688,183.88999938964844,178.17999267578125,182.7400054931641,182.3842315673828,1789700
2024-07-17,GEV,180.1999969482422,180.1999969482422,162.89999389648438,165.8300018310547,165.5071563720703,6033800
2024-07-17,GEV,180.1999969482422,180.1999969482422,162.89999389648438,165.8300018310547,165.5071563720703,6033800
2024-07-18,GEV,168.0,171.4499969482422,159.42999267578125,161.49000549316406,161.17559814453125,4736600
2024-07-18,GEV,168.0,171.4499969482422,159.42999267578125,161.49000549316406,161.17559814453125,4736600
2024-07-19,GEV,162.0,163.69000244140625,159.11000061035156,163.33999633789062,163.02198791503906,2547800
2024-07-19,GEV,162.0,163.69000244140625,159.11000061035156,163.33999633789062,163.02198791503906,2547800
2024-07-22,GEV,166.3800048828125,168.25,163.6840057373047,166.75999450683594,166.43533325195312,1738600
2024-07-22,GEV,166.3800048828125,168.25,163.6840057373047,166.75999450683594,166.43533325195312,1738600
2024-07-23,GEV,167.0,171.00999450683594,166.22000122070312,170.49000549316406,170.15806579589844,3221800
2024-07-23,GEV,167.0,171.00999450683594,166.22000122070312,170.49000549316406,170.15806579589844,3221800
2024-07-24,GEV,167.33999633789062,172.3000030517578,162.72999572753906,162.89999389648438,162.58285522460938,5532100
2024-07-24,GEV,167.33999633789062,172.3000030517578,162.72999572753906,162.89999389648438,162.58285522460938,5532100
2024-07-25,GEV,166.0,166.2899932861328,156.41000366210938,160.0,159.68850708007812,5163200
2024-07-25,GEV,166.0,166.2899932861328,156.41000366210938,160.0,159.68850708007812,5163200
2024-07-26,GEV,168.4600067138672,173.9759979248047,163.69000244140625,173.11000061035156,172.77297973632812,3871900
2024-07-26,GEV,168.4600067138672,173.9759979248047,163.69000244140625,173.11000061035156,172.77297973632812,3871900
2024-07-29,GEV,174.32000732421875,174.77000427246094,169.85000610351562,172.0500030517578,171.7150421142578,1757800
2024-07-29,GEV,174.32000732421875,174.77000427246094,169.85000610351562,172.0500030517578,171.7150421142578,1757800
2024-07-30,GEV,172.92999267578125,174.07000732421875,162.4499969482422,162.6999969482422,162.3832550048828,2639300
2024-07-30,GEV,172.92999267578125,174.07000732421875,162.4499969482422,162.6999969482422,162.3832550048828,2639300
2024-07-31,GEV,171.25,180.2550048828125,171.25,178.24000549316406,177.8929901123047,4056500
2024-07-31,GEV,171.25,180.2550048828125,171.25,178.24000549316406,177.8929901123047,4056500
2024-08-01,GEV,181.8999938964844,183.8600006103516,171.80999755859375,174.02999877929688,173.69117736816406,3706800
2024-08-01,GEV,181.8999938964844,183.8600006103516,171.80999755859375,174.02999877929688,173.69117736816406,3706800
2024-08-02,GEV,168.77999877929688,169.99000549316406,161.5,164.72999572753906,164.40928649902344,3314500
2024-08-02,GEV,168.77999877929688,169.99000549316406,161.5,164.72999572753906,164.40928649902344,3314500
2024-08-05,GEV,152.40499877929688,165.38999938964844,150.00999450683594,162.24000549316406,161.9241485595703,3700500
2024-08-05,GEV,152.40499877929688,165.38999938964844,150.00999450683594,162.24000549316406,161.9241485595703,3700500
2024-08-06,GEV,163.0800018310547,166.46499633789062,160.0,164.35000610351562,164.03001403808594,2799900
2024-08-06,GEV,163.0800018310547,166.46499633789062,160.0,164.35000610351562,164.03001403808594,2799900
2024-08-07,GEV,168.66000366210938,172.75,164.69000244140625,166.07000732421875,165.74668884277344,3312800
2024-08-07,GEV,168.66000366210938,172.75,164.69000244140625,166.07000732421875,165.74668884277344,3312800
2024-08-08,GEV,169.1999969482422,177.4600067138672,165.0500030517578,177.2100067138672,176.86500549316406,2755800
2024-08-08,GEV,169.1999969482422,177.4600067138672,165.0500030517578,177.2100067138672,176.86500549316406,2755800
2024-08-09,GEV,176.52000427246094,179.5500030517578,172.60000610351562,179.11000061035156,178.76129150390625,2766500
2024-08-09,GEV,176.52000427246094,179.5500030517578,172.60000610351562,179.11000061035156,178.76129150390625,2766500
2024-08-12,GEV,178.49000549316406,180.5,174.38999938964844,176.44000244140625,176.0965118408203,1797800
2024-08-12,GEV,178.49000549316406,180.5,174.38999938964844,176.44000244140625,176.0965118408203,1797800
2024-08-13,GEV,178.0500030517578,180.25999450683597,175.31500244140625,179.64999389648438,179.30023193359375,1551800
2024-08-13,GEV,178.0500030517578,180.25999450683597,175.31500244140625,179.64999389648438,179.30023193359375,1551800
2024-08-14,GEV,180.0,185.19000244140625,178.25,184.16000366210935,183.80148315429688,2242700
2024-08-14,GEV,180.0,185.19000244140625,178.25,184.16000366210935,183.80148315429688,2242700
2024-08-15,GEV,185.5,190.8000030517578,181.6100006103516,188.82000732421875,188.452392578125,3478000
2024-08-15,GEV,185.5,190.8000030517578,181.6100006103516,188.82000732421875,188.452392578125,3478000
2024-08-16,GEV,188.72000122070312,188.82000732421875,180.39100646972656,184.05999755859372,183.70166015625,2718300
2024-08-16,GEV,188.72000122070312,188.82000732421875,180.39100646972656,184.05999755859372,183.70166015625,2718300
2024-08-19,GEV,184.1000061035156,185.50999450683597,181.21499633789065,185.3999938964844,185.0390472412109,1626900
2024-08-19,GEV,184.1000061035156,185.50999450683597,181.21499633789065,185.3999938964844,185.0390472412109,1626900
2024-08-20,GEV,184.9600067138672,186.0,181.67999267578125,184.0,183.64178466796875,1138200
2024-08-20,GEV,184.9600067138672,186.0,181.67999267578125,184.0,183.64178466796875,1138200
2024-08-21,GEV,183.47000122070312,185.2400054931641,181.80999755859372,184.25999450683597,183.9012756347656,1601400
2024-08-21,GEV,183.47000122070312,185.2400054931641,181.80999755859372,184.25999450683597,183.9012756347656,1601400
2024-08-22,GEV,185.0,186.7449951171875,182.30999755859372,186.0,185.63787841796875,2067900
2024-08-22,GEV,185.0,186.7449951171875,182.30999755859372,186.0,185.63787841796875,2067900
2024-08-23,GEV,180.8000030517578,183.55999755859372,173.07000732421875,183.2899932861328,182.93313598632807,4872700
2024-08-23,GEV,180.8000030517578,183.55999755859372,173.07000732421875,183.2899932861328,182.93313598632807,4872700
2024-08-26,GEV,181.47999572753903,183.2700042724609,179.19000244140625,182.1300048828125,181.77542114257807,2176800
2024-08-26,GEV,181.47999572753903,183.2700042724609,179.19000244140625,182.1300048828125,181.77542114257807,2176800
2024-08-27,GEV,181.0,187.1000061035156,180.4900054931641,185.5500030517578,185.18875122070312,1613100
2024-08-27,GEV,181.0,187.1000061035156,180.4900054931641,185.5500030517578,185.18875122070312,1613100
2024-08-28,GEV,183.8500061035156,185.3699951171875,180.7700042724609,184.0,183.64178466796875,2067600
2024-08-28,GEV,183.8500061035156,185.3699951171875,180.7700042724609,184.0,183.64178466796875,2067600
2024-08-29,GEV,186.0,195.67999267578125,185.35499572753903,191.3600006103516,190.9874420166016,3155500
2024-08-29,GEV,186.0,195.67999267578125,185.35499572753903,191.3600006103516,190.9874420166016,3155500
2024-08-30,GEV,195.8600006103516,201.3699951171875,194.1999969482422,201.0,200.60867309570312,3347700
2024-08-30,GEV,195.8600006103516,201.3699951171875,194.1999969482422,201.0,200.60867309570312,3347700
2024-09-03,GEV,200.0,202.6000061035156,187.54800415039065,192.5500030517578,192.1751251220703,4275300
2024-09-03,GEV,200.0,202.6000061035156,187.54800415039065,192.5500030517578,192.1751251220703,4275300
2024-09-04,GEV,193.02999877929688,204.19000244140625,192.1219940185547,199.6300048828125,199.2413330078125,3765100
2024-09-04,GEV,193.02999877929688,204.19000244140625,192.1219940185547,199.6300048828125,199.2413330078125,3765100
2024-09-05,GEV,197.08999633789065,200.72999572753903,194.2700042724609,198.44000244140625,198.05364990234372,3064200
2024-09-05,GEV,197.08999633789065,200.72999572753903,194.2700042724609,198.44000244140625,198.05364990234372,3064200
2024-09-06,GEV,198.9900054931641,201.17999267578125,193.3800048828125,198.3300018310547,197.94386291503903,3884700
2024-09-06,GEV,198.9900054931641,201.17999267578125,193.3800048828125,198.3300018310547,197.94386291503903,3884700
2024-09-09,GEV,200.00999450683597,202.92999267578125,197.3800048828125,201.80999755859372,201.4170837402344,1654700
2024-09-09,GEV,200.00999450683597,202.92999267578125,197.3800048828125,201.80999755859372,201.4170837402344,1654700
2024-09-10,GEV,202.7400054931641,203.0,199.13999938964844,202.00999450683597,201.61669921875,1894700
2024-09-10,GEV,202.7400054931641,203.0,199.13999938964844,202.00999450683597,201.61669921875,1894700
2024-09-11,GEV,204.1000061035156,210.1199951171875,201.5,209.1499938964844,208.7427978515625,3787500
2024-09-11,GEV,204.1000061035156,210.1199951171875,201.5,209.1499938964844,208.7427978515625,3787500
2024-09-12,GEV,200.0,217.08999633789065,199.6499938964844,215.2700042724609,214.85089111328125,4041400
2024-09-12,GEV,200.0,217.08999633789065,199.6499938964844,215.2700042724609,214.85089111328125,4041400
2024-09-13,GEV,220.6499938964844,228.677001953125,219.00999450683597,225.58999633789065,225.1508026123047,3697500
2024-09-13,GEV,220.6499938964844,228.677001953125,219.00999450683597,225.58999633789065,225.1508026123047,3697500
2024-09-16,GEV,227.8800048828125,231.50999450683597,225.2400054931641,229.92999267578125,229.4823303222656,2334900
2024-09-16,GEV,227.8800048828125,231.50999450683597,225.2400054931641,229.92999267578125,229.4823303222656,2334900
2024-09-17,GEV,237.6699981689453,240.0,233.50999450683597,237.1499938964844,236.68829345703125,5144000
2024-09-17,GEV,237.6699981689453,240.0,233.50999450683597,237.1499938964844,236.68829345703125,5144000
2024-09-18,GEV,238.6199951171875,241.5189971923828,234.0,235.6699981689453,235.211181640625,3255900
2024-09-18,GEV,238.6199951171875,241.5189971923828,234.0,235.6699981689453,235.211181640625,3255900
2024-09-19,GEV,243.30499267578125,245.0,238.1100006103516,244.4499969482422,243.9740753173828,3060800
2024-09-19,GEV,243.30499267578125,245.0,238.1100006103516,244.4499969482422,243.9740753173828,3060800
2024-09-20,GEV,243.22999572753903,250.8489990234375,242.25,245.4600067138672,244.9821319580078,4111400
2024-09-20,GEV,243.22999572753903,250.8489990234375,242.25,245.4600067138672,244.9821319580078,4111400
2024-09-23,GEV,247.8249969482422,254.8699951171875,246.7899932861328,251.52999877929688,251.040283203125,3336700
2024-09-23,GEV,247.8249969482422,254.8699951171875,246.7899932861328,251.52999877929688,251.040283203125,3336700
2024-09-24,GEV,254.0,257.5,252.1199951171875,255.47999572753903,254.98260498046875,3804400
2024-09-24,GEV,254.0,257.5,252.1199951171875,255.47999572753903,254.98260498046875,3804400
2024-09-25,GEV,257.1000061035156,257.75,252.1699981689453,255.0500030517578,254.55345153808597,2454200
2024-09-25,GEV,257.1000061035156,257.75,252.1699981689453,255.0500030517578,254.55345153808597,2454200
2024-09-26,GEV,257.760009765625,258.6400146484375,247.07000732421875,251.22000122070312,250.7309112548828,2817700
2024-09-26,GEV,257.760009765625,258.6400146484375,247.07000732421875,251.22000122070312,250.7309112548828,2817700
2024-09-27,GEV,250.75999450683597,254.42999267578125,249.5800018310547,249.8600006103516,249.37355041503903,2293600
2024-09-27,GEV,250.75999450683597,254.42999267578125,249.5800018310547,249.8600006103516,249.37355041503903,2293600
2024-09-30,GEV,251.0,255.3500061035156,248.9600067138672,254.97999572753903,254.48358154296875,3372200
2024-09-30,GEV,251.0,255.3500061035156,248.9600067138672,254.97999572753903,254.48358154296875,3372200
2024-10-01,GEV,256.0,257.6000061035156,251.1000061035156,256.5299987792969,256.0305480957031,2304100
2024-10-01,GEV,256.0,257.6000061035156,251.1000061035156,256.5299987792969,256.0305480957031,2304100
2024-10-02,GEV,251.0,257.5299987792969,248.5,252.2899932861328,251.7988128662109,2769700
2024-10-02,GEV,251.0,257.5299987792969,248.5,252.2899932861328,251.7988128662109,2769700
2024-10-03,GEV,253.1499938964844,257.239990234375,250.88999938964844,254.67999267578125,254.1841583251953,1913700
2024-10-03,GEV,253.1499938964844,257.239990234375,250.88999938964844,254.67999267578125,254.1841583251953,1913700
2024-10-04,GEV,257.0,266.4200134277344,253.22999572753903,265.5899963378906,265.0729064941406,3157300
2024-10-04,GEV,257.0,266.4200134277344,253.22999572753903,265.5899963378906,265.0729064941406,3157300
2024-10-07,GEV,265.4100036621094,265.9800109863281,260.5199890136719,262.5400085449219,262.02886962890625,1925100
2024-10-07,GEV,265.4100036621094,265.9800109863281,260.5199890136719,262.5400085449219,262.02886962890625,1925100
2024-10-08,GEV,264.0299987792969,266.5559997558594,262.25,264.2699890136719,263.7554931640625,1671900
2024-10-08,GEV,264.0299987792969,266.5559997558594,262.25,264.2699890136719,263.7554931640625,1671900
2024-10-09,GEV,264.5,269.2980041503906,262.8800048828125,266.6000061035156,266.0809631347656,1891700
2024-10-09,GEV,264.5,269.2980041503906,262.8800048828125,266.6000061035156,266.0809631347656,1891700
2024-10-10,GEV,264.0,266.54998779296875,261.7900085449219,264.6199951171875,264.10479736328125,1795800
2024-10-10,GEV,264.0,266.54998779296875,261.7900085449219,264.6199951171875,264.10479736328125,1795800
2024-10-11,GEV,263.75,270.1099853515625,261.04998779296875,266.8900146484375,266.37042236328125,1848400
2024-10-11,GEV,263.75,270.1099853515625,261.04998779296875,266.8900146484375,266.37042236328125,1848400
2024-10-14,GEV,267.260009765625,270.8299865722656,265.69000244140625,269.5,268.9753112792969,1822300
2024-10-14,GEV,267.260009765625,270.8299865722656,265.69000244140625,269.5,268.9753112792969,1822300
2024-10-15,GEV,270.0,270.8699951171875,260.04998779296875,266.3599853515625,265.8414001464844,2190200
2024-10-15,GEV,270.0,270.8699951171875,260.04998779296875,266.3599853515625,265.8414001464844,2190200
2024-10-16,GEV,268.8999938964844,276.19000244140625,267.69000244140625,274.7699890136719,274.2350158691406,1844900
2024-10-16,GEV,268.8999938964844,276.19000244140625,267.69000244140625,274.7699890136719,274.2350158691406,1844900
2024-10-17,GEV,279.239990234375,281.3729858398437,271.8900146484375,272.0,271.470458984375,2510100
2024-10-17,GEV,279.239990234375,281.3729858398437,271.8900146484375,272.0,271.470458984375,2510100
2024-10-18,GEV,273.69000244140625,275.29998779296875,271.3500061035156,272.7200012207031,272.1890563964844,2353700
2024-10-18,GEV,273.69000244140625,275.29998779296875,271.3500061035156,272.7200012207031,272.1890563964844,2353700
2024-10-21,GEV,277.0,277.6000061035156,272.2799987792969,276.42999267578125,275.891845703125,2570000
2024-10-21,GEV,277.0,277.6000061035156,272.2799987792969,276.42999267578125,275.891845703125,2570000
2024-10-22,GEV,271.0,278.2900085449219,270.5450134277344,276.4200134277344,275.8818664550781,2631800
2024-10-22,GEV,271.0,278.2900085449219,270.5450134277344,276.4200134277344,275.8818664550781,2631800
2024-10-23,GEV,273.7099914550781,282.9700012207031,268.5,279.8800048828125,279.33514404296875,4244600
2024-10-23,GEV,273.7099914550781,282.9700012207031,268.5,279.8800048828125,279.33514404296875,4244600
2024-10-24,GEV,285.8099975585937,297.5400085449219,283.0,297.0,296.4217529296875,3620100
2024-10-24,GEV,285.8099975585937,297.5400085449219,283.0,297.0,296.4217529296875,3620100
2024-10-25,GEV,295.3900146484375,298.8099975585937,292.3949890136719,293.5400085449219,292.9685363769531,2087800
2024-10-25,GEV,295.3900146484375,298.8099975585937,292.3949890136719,293.5400085449219,292.9685363769531,2087800
2024-10-28,GEV,295.739990234375,295.94000244140625,288.0799865722656,289.2300109863281,288.6669311523437,2231600
2024-10-28,GEV,295.739990234375,295.94000244140625,288.0799865722656,289.2300109863281,288.6669311523437,2231600
2024-10-29,GEV,288.0,298.9599914550781,284.1000061035156,298.7699890136719,298.1883239746094,2030600
2024-10-29,GEV,288.0,298.9599914550781,284.1000061035156,298.7699890136719,298.1883239746094,2030600
2024-10-30,GEV,300.0,301.5299987792969,294.6700134277344,297.6000061035156,297.0206298828125,2085200
2024-10-30,GEV,300.0,301.5299987792969,294.6700134277344,297.6000061035156,297.0206298828125,2085200
2024-10-31,GEV,300.0,303.7090148925781,296.0199890136719,301.6600036621094,301.0727233886719,2550700
2024-10-31,GEV,300.0,303.7090148925781,296.0199890136719,301.6600036621094,301.0727233886719,2550700
2024-11-01,GEV,305.0,311.5799865722656,300.5199890136719,301.0899963378906,300.5038146972656,2702200
2024-11-01,GEV,305.0,311.5799865722656,300.5199890136719,301.0899963378906,300.5038146972656,2702200
2024-11-04,GEV,298.0,301.5,292.5400085449219,295.4599914550781,294.8847351074219,2070500
2024-11-04,GEV,298.0,301.5,292.5400085449219,295.4599914550781,294.8847351074219,2070500
2024-11-05,GEV,295.8500061035156,316.45001220703125,294.8699951171875,315.7699890136719,315.1552429199219,3461400
2024-11-05,GEV,295.8500061035156,316.45001220703125,294.8699951171875,315.7699890136719,315.1552429199219,3461400
2024-11-06,GEV,321.1600036621094,338.5799865722656,319.0,336.29998779296875,335.6452331542969,4486400
2024-11-06,GEV,321.1600036621094,338.5799865722656,319.0,336.29998779296875,335.6452331542969,4486400
2024-11-07,GEV,339.0,340.4100036621094,332.5,336.7799987792969,336.12432861328125,2347600
2024-11-07,GEV,339.0,340.4100036621094,332.5,336.7799987792969,336.12432861328125,2347600
2024-11-08,GEV,336.5,342.7900085449219,335.75,341.17999267578125,340.5157470703125,1720000
2024-11-08,GEV,336.5,342.7900085449219,335.75,341.17999267578125,340.5157470703125,1720000
2024-11-11,GEV,347.79998779296875,349.7900085449219,338.5,349.44000244140625,348.7596740722656,2486600
2024-11-11,GEV,347.79998779296875,349.7900085449219,338.5,349.44000244140625,348.7596740722656,2486600
2024-11-12,GEV,346.5,349.3999938964844,319.1000061035156,323.7099914550781,323.07977294921875,6123700
2024-11-12,GEV,346.5,349.3999938964844,319.1000061035156,323.7099914550781,323.07977294921875,6123700
2024-11-13,GEV,334.4200134277344,343.6430053710937,330.54998779296875,333.260009765625,332.6111755371094,3054500
2024-11-13,GEV,334.4200134277344,343.6430053710937,330.54998779296875,333.260009765625,332.6111755371094,3054500
2024-11-14,GEV,333.260009765625,335.1109924316406,325.2799987792969,326.0400085449219,325.4052429199219,2449500
2024-11-14,GEV,333.260009765625,335.1109924316406,325.2799987792969,326.0400085449219,325.4052429199219,2449500
2024-11-15,GEV,325.1000061035156,339.2359924316406,325.1000061035156,329.760009765625,329.11798095703125,2931300
2024-11-15,GEV,325.1000061035156,339.2359924316406,325.1000061035156,329.760009765625,329.11798095703125,2931300
2024-11-18,GEV,326.57000732421875,333.239990234375,322.1600036621094,325.3699951171875,324.73651123046875,1815200
2024-11-18,GEV,326.57000732421875,333.239990234375,322.1600036621094,325.3699951171875,324.73651123046875,1815200
2024-11-19,GEV,320.010009765625,340.3900146484375,317.54998779296875,340.0,339.3380432128906,2200600
2024-11-19,GEV,320.010009765625,340.3900146484375,317.54998779296875,340.0,339.3380432128906,2200600
2024-11-20,GEV,343.75,348.0,337.739990234375,342.7699890136719,342.1026611328125,2633600
2024-11-20,GEV,343.75,348.0,337.739990234375,342.7699890136719,342.1026611328125,2633600
2024-11-21,GEV,349.8999938964844,357.0899963378906,339.3800048828125,339.8500061035156,339.1883239746094,2671800
2024-11-21,GEV,349.8999938964844,357.0899963378906,339.3800048828125,339.8500061035156,339.1883239746094,2671800
2024-11-22,GEV,339.8500061035156,349.70001220703125,334.0,349.1600036621094,348.480224609375,2714600
2024-11-22,GEV,339.8500061035156,349.70001220703125,334.0,349.1600036621094,348.480224609375,2714600
2024-11-25,GEV,353.5199890136719,354.989990234375,328.1940002441406,328.9800109863281,328.3395080566406,6212400
2024-11-25,GEV,353.5199890136719,354.989990234375,328.1940002441406,328.9800109863281,328.3395080566406,6212400
2024-11-26,GEV,332.2699890136719,340.7099914550781,330.614990234375,338.8900146484375,338.230224609375,2007900
2024-11-26,GEV,332.2699890136719,340.7099914550781,330.614990234375,338.8900146484375,338.230224609375,2007900
2024-11-27,GEV,339.2300109863281,339.739990234375,329.6300048828125,335.3299865722656,334.6771240234375,2318200
2024-11-27,GEV,339.2300109863281,339.739990234375,329.6300048828125,335.3299865722656,334.6771240234375,2318200
2024-11-29,GEV,334.4599914550781,336.6199951171875,332.6700134277344,334.1199951171875,333.469482421875,883700
2024-11-29,GEV,334.4599914550781,336.6199951171875,332.6700134277344,334.1199951171875,333.469482421875,883700
2024-12-02,GEV,335.7300109863281,346.6700134277344,335.510009765625,337.5400085449219,336.8828430175781,2328000
2024-12-02,GEV,335.7300109863281,346.6700134277344,335.510009765625,337.5400085449219,336.8828430175781,2328000
2024-12-03,GEV,338.75,339.9599914550781,326.6300048828125,331.9200134277344,331.2738037109375,2103800
2024-12-03,GEV,338.75,339.9599914550781,326.6300048828125,331.9200134277344,331.2738037109375,2103800
2024-12-04,GEV,336.4849853515625,344.7300109863281,333.6300048828125,343.75,343.08074951171875,2424000
2024-12-04,GEV,336.4849853515625,344.7300109863281,333.6300048828125,343.75,343.08074951171875,2424000
2024-12-05,GEV,346.0199890136719,354.69000244140625,344.94000244140625,348.1300048828125,347.45220947265625,2099500
2024-12-05,GEV,346.0199890136719,354.69000244140625,344.94000244140625,348.1300048828125,347.45220947265625,2099500
2024-12-06,GEV,347.5,349.32000732421875,341.0,346.510009765625,345.8353881835937,1622800
2024-12-06,GEV,347.5,349.32000732421875,341.0,346.510009765625,345.8353881835937,1622800
2024-12-09,GEV,340.3500061035156,345.0,324.5,335.25,334.5972900390625,3045900
2024-12-09,GEV,340.3500061035156,345.0,324.5,335.25,334.5972900390625,3045900
2024-12-10,GEV,334.2099914550781,336.5899963378906,322.3309936523437,327.3900146484375,326.75262451171875,3473500
2024-12-10,GEV,334.2099914550781,336.5899963378906,322.3309936523437,327.3900146484375,326.75262451171875,3473500
2024-12-11,GEV,333.5599975585937,350.5799865722656,333.3299865722656,343.79998779296875,343.1306457519531,6671700
2024-12-11,GEV,333.5599975585937,350.5799865722656,333.3299865722656,343.79998779296875,343.1306457519531,6671700
2024-12-12,GEV,343.0,343.0,328.19000244140625,329.9100036621094,329.2677001953125,3281800
2024-12-12,GEV,343.0,343.0,328.19000244140625,329.9100036621094,329.2677001953125,3281800
2024-12-13,GEV,334.7799987792969,338.0,329.45001220703125,332.010009765625,331.3636169433594,2972900
2024-12-13,GEV,334.7799987792969,338.0,329.45001220703125,332.010009765625,331.3636169433594,2972900
2024-12-16,GEV,336.0599975585937,340.5,330.8399963378906,337.7099914550781,337.0525207519531,4229800
2024-12-16,GEV,336.0599975585937,340.5,330.8399963378906,337.7099914550781,337.0525207519531,4229800
2024-12-17,GEV,333.0,334.0,323.5,328.3399963378906,327.70074462890625,4408900
2024-12-17,GEV,333.0,334.0,323.5,328.3399963378906,327.70074462890625,4408900
2024-12-18,GEV,327.5899963378906,332.0599975585937,314.19000244140625,317.1199951171875,316.5025939941406,3906900
2024-12-18,GEV,327.5899963378906,332.0599975585937,314.19000244140625,317.1199951171875,316.5025939941406,3906900
2024-12-19,GEV,324.95001220703125,337.4599914550781,322.510009765625,332.79998779296875,332.1520690917969,4584500
2024-12-19,GEV,324.95001220703125,337.4599914550781,322.510009765625,332.79998779296875,332.1520690917969,4584500
2024-12-20,GEV,328.1300048828125,345.6400146484375,327.1499938964844,342.6600036621094,342.2499694824219,5476100
2024-12-20,GEV,328.1300048828125,345.6400146484375,327.1499938964844,342.6600036621094,342.2499694824219,5476100
2024-12-23,GEV,344.25,346.2799987792969,337.0,344.9200134277344,344.5072937011719,1435900
2024-12-23,GEV,344.25,346.2799987792969,337.0,344.9200134277344,344.5072937011719,1435900
2024-12-24,GEV,347.2200012207031,348.989990234375,343.32000732421875,347.2900085449219,346.8744201660156,1062400
2024-12-24,GEV,347.2200012207031,348.989990234375,343.32000732421875,347.2900085449219,346.8744201660156,1062400
2024-12-26,GEV,345.79998779296875,345.79998779296875,338.8999938964844,343.07000732421875,342.6595153808594,1210900
2024-12-26,GEV,345.79998779296875,345.79998779296875,338.8999938964844,343.07000732421875,342.6595153808594,1210900
2024-12-27,GEV,339.95001220703125,340.75,332.5,333.79998779296875,333.40057373046875,1506600
2024-12-27,GEV,339.95001220703125,340.75,332.5,333.79998779296875,333.40057373046875,1506600
2024-12-30,GEV,324.3399963378906,335.6400146484375,323.0,330.260009765625,329.86480712890625,1837800
2024-12-30,GEV,324.3399963378906,335.6400146484375,323.0,330.260009765625,329.86480712890625,1837800
2024-12-31,GEV,330.92999267578125,333.09600830078125,327.5,328.92999267578125,328.5364074707031,1793800
2024-12-31,GEV,330.92999267578125,333.09600830078125,327.5,328.92999267578125,328.5364074707031,1793800
2025-01-02,GEV,332.7900085449219,342.6700134277344,328.5199890136719,338.94000244140625,338.534423828125,2471100
2025-01-02,GEV,332.7900085449219,342.6700134277344,328.5199890136719,338.94000244140625,338.534423828125,2471100
2025-01-03,GEV,331.69000244140625,354.9800109863281,331.5,354.0299987792969,353.6063537597656,2392400
2025-01-03,GEV,331.69000244140625,354.9800109863281,331.5,354.0299987792969,353.6063537597656,2392400
2025-01-06,GEV,369.75,376.2950134277344,366.510009765625,371.3200073242188,370.8757019042969,3419100
2025-01-06,GEV,369.75,376.2950134277344,366.510009765625,371.3200073242188,370.8757019042969,3419100
2025-01-07,GEV,373.260009765625,374.6199951171875,357.2260131835937,368.5199890136719,368.07904052734375,2728200
2025-01-07,GEV,373.260009765625,374.6199951171875,357.2260131835937,368.5199890136719,368.07904052734375,2728200
2025-01-08,GEV,362.30999755859375,368.7900085449219,348.20001220703125,366.4800109863281,366.04150390625,3160100
2025-01-08,GEV,362.30999755859375,368.7900085449219,348.20001220703125,366.4800109863281,366.04150390625,3160100
2025-01-10,GEV,363.2000122070313,367.8299865722656,351.0,367.1000061035156,366.6607360839844,2387000
2025-01-10,GEV,363.2000122070313,367.8299865722656,351.0,367.1000061035156,366.6607360839844,2387000
2025-01-13,GEV,355.3299865722656,366.8500061035156,353.010009765625,366.80999755859375,366.3710632324219,3267900
2025-01-13,GEV,355.3299865722656,366.8500061035156,353.010009765625,366.80999755859375,366.3710632324219,3267900
2025-01-14,GEV,376.3200073242188,388.8800048828125,373.7000122070313,382.260009765625,381.8026123046875,3095600
2025-01-14,GEV,376.3200073242188,388.8800048828125,373.7000122070313,382.260009765625,381.8026123046875,3095600
2025-01-15,GEV,391.0,392.7699890136719,380.0,387.0299987792969,386.56689453125,2524000
2025-01-15,GEV,391.0,392.7699890136719,380.0,387.0299987792969,386.56689453125,2524000
2025-01-16,GEV,394.0700073242188,397.760009765625,387.0299987792969,391.0,390.5321350097656,2111600
2025-01-16,GEV,394.0700073242188,397.760009765625,387.0299987792969,391.0,390.5321350097656,2111600
2025-01-17,GEV,393.2900085449219,404.1300048828125,389.5899963378906,401.4100036621094,400.9296875,2363800
2025-01-17,GEV,393.2900085449219,404.1300048828125,389.5899963378906,401.4100036621094,400.9296875,2363800
2025-01-21,GEV,405.0,417.2099914550781,395.2900085449219,416.0,415.5022277832031,4223300
2025-01-21,GEV,405.0,417.2099914550781,395.2900085449219,416.0,415.5022277832031,4223300
2025-01-22,GEV,430.0,434.1000061035156,418.1000061035156,427.1000061035156,426.58892822265625,4973900
2025-01-22,GEV,430.0,434.1000061035156,418.1000061035156,427.1000061035156,426.58892822265625,4973900
2025-01-23,GEV,423.6300048828125,447.5,422.6600036621094,437.7099914550781,437.1862182617188,3925000
2025-01-23,GEV,423.6300048828125,447.5,422.6600036621094,437.7099914550781,437.1862182617188,3925000
2025-01-24,GEV,436.9299926757813,436.9299926757813,416.0,420.489990234375,419.9868469238281,4717500
2025-01-24,GEV,436.9299926757813,436.9299926757813,416.0,420.489990234375,419.9868469238281,4717500
2025-01-27,GEV,339.6000061035156,353.0,322.29998779296875,330.0,329.6051330566406,13356800
2025-01-27,GEV,339.6000061035156,353.0,322.29998779296875,330.0,329.6051330566406,13356800
2025-01-28,GEV,351.4150085449219,355.510009765625,317.70001220703125,355.1199951171875,354.695068359375,10396700
2025-01-28,GEV,351.4150085449219,355.510009765625,317.70001220703125,355.1199951171875,354.695068359375,10396700
2025-01-29,GEV,358.29998779296875,368.8399963378906,346.260009765625,353.25,352.8273010253906,5449800
2025-01-29,GEV,358.29998779296875,368.8399963378906,346.260009765625,353.25,352.8273010253906,5449800
2025-01-30,GEV,365.0,387.6400146484375,364.9299926757813,382.9400024414063,382.4817810058594,5682500
2025-01-30,GEV,365.0,387.6400146484375,364.9299926757813,382.9400024414063,382.4817810058594,5682500
2025-01-31,GEV,385.55999755859375,387.0799865722656,370.55999755859375,372.8800048828125,372.433837890625,4139500
2025-01-31,GEV,385.55999755859375,387.0799865722656,370.55999755859375,372.8800048828125,372.433837890625,4139500
2025-02-03,GEV,350.3399963378906,367.1950073242188,348.95001220703125,361.7099914550781,361.2771911621094,4079400
2025-02-03,GEV,350.3399963378906,367.1950073242188,348.95001220703125,361.7099914550781,361.2771911621094,4079400
2025-02-04,GEV,360.6000061035156,366.0799865722656,349.56500244140625,356.5299987792969,356.1033935546875,2766400
2025-02-04,GEV,360.6000061035156,366.0799865722656,349.56500244140625,356.5299987792969,356.1033935546875,2766400
2025-02-05,GEV,363.9700012207031,369.4750061035156,359.6300048828125,367.9299926757813,367.4897155761719,2810000
2025-02-05,GEV,363.9700012207031,369.4750061035156,359.6300048828125,367.9299926757813,367.4897155761719,2810000
2025-02-06,GEV,365.989990234375,380.0499877929688,364.5979919433594,374.8299865722656,374.3814697265625,2460800
2025-02-06,GEV,365.989990234375,380.0499877929688,364.5979919433594,374.8299865722656,374.3814697265625,2460800
2025-02-07,GEV,380.6799926757813,389.8900146484375,375.3900146484375,377.9700012207031,377.5177307128906,2391700
2025-02-07,GEV,380.6799926757813,389.8900146484375,375.3900146484375,377.9700012207031,377.5177307128906,2391700
2025-02-10,GEV,379.1499938964844,385.7000122070313,372.0,385.0,384.539306640625,2078900
2025-02-10,GEV,379.1499938964844,385.7000122070313,372.0,385.0,384.539306640625,2078900
2025-02-11,GEV,381.2999877929688,383.0799865722656,369.3699951171875,372.8999938964844,372.4537658691406,2064300
2025-02-11,GEV,381.2999877929688,383.0799865722656,369.3699951171875,372.8999938964844,372.4537658691406,2064300
2025-02-12,GEV,364.760009765625,378.260009765625,359.7300109863281,369.6499938964844,369.2076721191406,1825400
2025-02-12,GEV,364.760009765625,378.260009765625,359.7300109863281,369.6499938964844,369.2076721191406,1825400
2025-02-13,GEV,376.0,377.2000122070313,360.6000061035156,370.30999755859375,369.8668823242188,2609700
2025-02-13,GEV,376.0,377.2000122070313,360.6000061035156,370.30999755859375,369.8668823242188,2609700
2025-02-14,GEV,369.2799987792969,369.2799987792969,357.0,367.5899963378906,367.150146484375,2238800
2025-02-14,GEV,369.2799987792969,369.2799987792969,357.0,367.5899963378906,367.150146484375,2238800
2025-02-18,GEV,367.9200134277344,377.7699890136719,363.3500061035156,373.25,372.8033752441406,2407300
2025-02-18,GEV,367.9200134277344,377.7699890136719,363.3500061035156,373.25,372.8033752441406,2407300
2025-02-19,GEV,369.9400024414063,376.4800109863281,366.25,375.2000122070313,374.75103759765625,1670900
2025-02-19,GEV,369.9400024414063,376.4800109863281,366.25,375.2000122070313,374.75103759765625,1670900
2025-02-20,GEV,375.05999755859375,383.2900085449219,353.1099853515625,359.67999267578125,359.2496032714844,3456000
2025-02-20,GEV,375.05999755859375,383.2900085449219,353.1099853515625,359.67999267578125,359.2496032714844,3456000
2025-02-21,GEV,357.6000061035156,359.92999267578125,325.4200134277344,327.8800048828125,327.4876708984375,6965000
2025-02-21,GEV,357.6000061035156,359.92999267578125,325.4200134277344,327.8800048828125,327.4876708984375,6965000
2025-02-24,GEV,327.3800048828125,329.3869934082031,303.44000244140625,315.9100036621094,315.531982421875,7156900
2025-02-24,GEV,327.3800048828125,329.3869934082031,303.44000244140625,315.9100036621094,315.531982421875,7156900
2025-02-25,GEV,307.260009765625,322.10400390625,298.0,317.69000244140625,317.3098449707031,6835200
2025-02-25,GEV,307.260009765625,322.10400390625,298.0,317.69000244140625,317.3098449707031,6835200
2025-02-26,GEV,334.8299865722656,342.07000732421875,327.8500061035156,335.239990234375,334.8388366699219,4676800
2025-02-26,GEV,334.8299865722656,342.07000732421875,327.8500061035156,335.239990234375,334.8388366699219,4676800
2025-02-27,GEV,345.17999267578125,348.510009765625,322.0,326.2799987792969,325.8895874023437,4768000
2025-02-27,GEV,345.17999267578125,348.510009765625,322.0,326.2799987792969,325.8895874023437,4768000
2025-02-28,GEV,322.3500061035156,336.0,318.67999267578125,335.17999267578125,334.7789306640625,4096600
2025-02-28,GEV,322.3500061035156,336.0,318.67999267578125,335.17999267578125,334.7789306640625,4096600
2025-03-03,GEV,334.70001220703125,337.42999267578125,308.77301025390625,315.9800109863281,315.6019287109375,4846200
2025-03-03,GEV,334.70001220703125,337.42999267578125,308.77301025390625,315.9800109863281,315.6019287109375,4846200
2025-03-04,GEV,305.79998779296875,321.6499938964844,294.45001220703125,313.07000732421875,312.69537353515625,6257500
2025-03-04,GEV,305.79998779296875,321.6499938964844,294.45001220703125,313.07000732421875,312.69537353515625,6257500
2025-03-05,GEV,314.54998779296875,323.8900146484375,311.19000244140625,316.79998779296875,316.4208984375,4617100
2025-03-05,GEV,314.54998779296875,323.8900146484375,311.19000244140625,316.79998779296875,316.4208984375,4617100
2025-03-06,GEV,306.67999267578125,309.0799865722656,288.2799987792969,293.2099914550781,292.859130859375,7501000
2025-03-06,GEV,306.67999267578125,309.0799865722656,288.2799987792969,293.2099914550781,292.859130859375,7501000
2025-03-07,GEV,293.0,301.0,279.5599975585937,289.29998779296875,288.95379638671875,7397700
2025-03-07,GEV,293.0,301.0,279.5599975585937,289.29998779296875,288.95379638671875,7397700
2025-03-10,GEV,275.9700012207031,281.3699951171875,266.4700012207031,270.1300048828125,269.8067932128906,6818800
2025-03-10,GEV,275.9700012207031,281.3699951171875,266.4700012207031,270.1300048828125,269.8067932128906,6818800
2025-03-11,GEV,269.989990234375,291.5299987792969,268.510009765625,284.2099914550781,283.8699035644531,5274800
2025-03-11,GEV,269.989990234375,291.5299987792969,268.510009765625,284.2099914550781,283.8699035644531,5274800
2025-03-12,GEV,301.5799865722656,308.0,292.3900146484375,298.67999267578125,298.32257080078125,4541500
2025-03-12,GEV,301.5799865722656,308.0,292.3900146484375,298.67999267578125,298.32257080078125,4541500
2025-03-13,GEV,297.0,303.489990234375,285.3500061035156,300.239990234375,299.8807067871094,2880400
2025-03-13,GEV,297.0,303.489990234375,285.3500061035156,300.239990234375,299.8807067871094,2880400
2025-03-14,GEV,306.45001220703125,315.79998779296875,303.0,313.6300048828125,313.25469970703125,4404500
2025-03-14,GEV,306.45001220703125,315.79998779296875,303.0,313.6300048828125,313.25469970703125,4404500
2025-03-17,GEV,312.5,335.2900085449219,311.0,331.9599914550781,331.5627746582031,4376600
2025-03-17,GEV,312.5,335.2900085449219,311.0,331.9599914550781,331.5627746582031,4376600
2025-03-18,GEV,329.0,330.9769897460937,314.56201171875,318.92999267578125,318.5483703613281,2773800
2025-03-18,GEV,329.0,330.9769897460937,314.56201171875,318.92999267578125,318.5483703613281,2773800
2025-03-19,GEV,323.2650146484375,343.4200134277344,320.5,335.79998779296875,335.3981628417969,3445600
2025-03-19,GEV,323.2650146484375,343.4200134277344,320.5,335.79998779296875,335.3981628417969,3445600
2025-03-20,GEV,329.2699890136719,342.3399963378906,329.2699890136719,336.8299865722656,336.42694091796875,3500100
2025-03-20,GEV,329.2699890136719,342.3399963378906,329.2699890136719,336.8299865722656,336.42694091796875,3500100
2025-03-21,GEV,330.6400146484375,335.1520080566406,325.1099853515625,333.8699951171875,333.4704895019531,3012100
2025-03-21,GEV,330.6400146484375,335.1520080566406,325.1099853515625,333.8699951171875,333.4704895019531,3012100
2025-03-24,GEV,344.239990234375,349.6199951171875,339.1499938964844,343.57000732421875,343.15887451171875,3141000
2025-03-24,GEV,344.239990234375,349.6199951171875,339.1499938964844,343.57000732421875,343.15887451171875,3141000
2025-03-25,GEV,343.8699951171875,344.94000244140625,333.2099914550781,336.20001220703125,335.7977294921875,2631700
2025-03-25,GEV,343.8699951171875,344.94000244140625,333.2099914550781,336.20001220703125,335.7977294921875,2631700
2025-03-26,GEV,335.45001220703125,335.45001220703125,314.6600036621094,317.70001220703125,317.3198547363281,3798600
2025-03-26,GEV,335.45001220703125,335.45001220703125,314.6600036621094,317.70001220703125,317.3198547363281,3798600
2025-03-27,GEV,310.17999267578125,314.989990234375,302.3299865722656,303.0,302.637451171875,3814200
2025-03-27,GEV,310.17999267578125,314.989990234375,302.3299865722656,303.0,302.637451171875,3814200
2025-03-28,GEV,302.0,308.8800048828125,299.1300048828125,302.92999267578125,302.5675048828125,2725300
2025-03-28,GEV,302.0,308.8800048828125,299.1300048828125,302.92999267578125,302.5675048828125,2725300
2025-03-31,GEV,291.3500061035156,306.0299987792969,288.0,305.2799987792969,304.9147033691406,4678300
2025-03-31,GEV,291.3500061035156,306.0299987792969,288.0,305.2799987792969,304.9147033691406,4678300
2025-04-01,GEV,307.6000061035156,316.42999267578125,302.3999938964844,315.6400146484375,315.2623291015625,3544500
2025-04-01,GEV,307.6000061035156,316.42999267578125,302.3999938964844,315.6400146484375,315.2623291015625,3544500
2025-04-02,GEV,307.0799865722656,335.7850036621094,306.0,330.79998779296875,330.4041748046875,4203200
2025-04-02,GEV,307.0799865722656,335.7850036621094,306.0,330.79998779296875,330.4041748046875,4203200
2025-04-03,GEV,306.9549865722656,315.8699951171875,293.4750061035156,297.6600036621094,297.3038330078125,5752200
2025-04-03,GEV,306.9549865722656,315.8699951171875,293.4750061035156,297.6600036621094,297.3038330078125,5752200
2025-04-04,GEV,277.1600036621094,283.4700012207031,252.25,271.4800109863281,271.1551513671875,8095800
2025-04-04,GEV,277.1600036621094,283.4700012207031,252.25,271.4800109863281,271.1551513671875,8095800
2025-04-07,GEV,257.0199890136719,298.489990234375,253.0760040283203,286.07000732421875,285.7276916503906,6522200
2025-04-07,GEV,257.0199890136719,298.489990234375,253.0760040283203,286.07000732421875,285.7276916503906,6522200
2025-04-08,GEV,303.7699890136719,307.0599975585937,279.5719909667969,286.8900146484375,286.5467529296875,5858400
2025-04-08,GEV,303.7699890136719,307.0599975585937,279.5719909667969,286.8900146484375,286.5467529296875,5858400
2025-04-09,GEV,283.2099914550781,333.29998779296875,281.5610046386719,326.8099975585937,326.4189147949219,7482600
2025-04-09,GEV,283.2099914550781,333.29998779296875,281.5610046386719,326.8099975585937,326.4189147949219,7482600
2025-04-10,GEV,312.0400085449219,322.239990234375,303.1000061035156,309.95001220703125,309.5791320800781,4444800
2025-04-10,GEV,312.0400085449219,322.239990234375,303.1000061035156,309.95001220703125,309.5791320800781,4444800
2025-04-11,GEV,310.0,323.2099914550781,306.0,321.42999267578125,321.0453796386719,2800700
2025-04-11,GEV,310.0,323.2099914550781,306.0,321.42999267578125,321.0453796386719,2800700
2025-04-14,GEV,333.3299865722656,334.25,317.5,322.29998779296875,321.9143371582031,2467500
2025-04-14,GEV,333.3299865722656,334.25,317.5,322.29998779296875,321.9143371582031,2467500
2025-04-15,GEV,323.3699951171875,331.1300048828125,323.07000732421875,328.5599975585937,328.1668395996094,1635300
2025-04-15,GEV,323.3699951171875,331.1300048828125,323.07000732421875,328.5599975585937,328.1668395996094,1635300
2025-04-16,GEV,318.57000732421875,332.3099975585937,316.0,328.1600036621094,327.767333984375,4015200
2025-04-16,GEV,318.57000732421875,332.3099975585937,316.0,328.1600036621094,327.767333984375,4015200
2025-04-17,GEV,335.260009765625,339.989990234375,321.7799987792969,323.54998779296875,323.4092102050781,2860900
2025-04-17,GEV,335.260009765625,339.989990234375,321.7799987792969,323.54998779296875,323.4092102050781,2860900
2025-04-21,GEV,320.0,324.92999267578125,306.2099914550781,313.0799865722656,312.9437561035156,2526800
2025-04-21,GEV,320.0,324.92999267578125,306.2099914550781,313.0799865722656,312.9437561035156,2526800
2025-04-22,GEV,319.04998779296875,331.2200012207031,317.6000061035156,326.07000732421875,325.9281311035156,3471400
2025-04-22,GEV,319.04998779296875,331.2200012207031,317.6000061035156,326.07000732421875,325.9281311035156,3471400
2025-04-23,GEV,354.0400085449219,358.8800048828125,333.19000244140625,336.0899963378906,335.9437561035156,5443600
2025-04-23,GEV,354.0400085449219,358.8800048828125,333.19000244140625,336.0899963378906,335.9437561035156,5443600
2025-04-24,GEV,342.489990234375,366.6600036621094,337.3099975585937,360.489990234375,360.3331298828125,4980400
2025-04-24,GEV,342.489990234375,366.6600036621094,337.3099975585937,360.489990234375,360.3331298828125,4980400
2025-04-25,GEV,359.8099975585937,376.1499938964844,356.94000244140625,372.4200134277344,372.2579650878906,3961100
2025-04-25,GEV,359.8099975585937,376.1499938964844,356.94000244140625,372.4200134277344,372.2579650878906,3961100
2025-04-28,GEV,371.0,379.9620056152344,361.6300048828125,370.05999755859375,369.8989868164063,3001500
2025-04-28,GEV,371.0,379.9620056152344,361.6300048828125,370.05999755859375,369.8989868164063,3001500
2025-04-29,GEV,369.6199951171875,372.0899963378906,363.2200012207031,371.1900024414063,371.0285034179688,2430000
2025-04-29,GEV,369.6199951171875,372.0899963378906,363.2200012207031,371.1900024414063,371.0285034179688,2430000
2025-04-30,GEV,359.9800109863281,371.510009765625,357.6400146484375,370.8200073242188,370.6586608886719,2756800
2025-04-30,GEV,359.9800109863281,371.510009765625,357.6400146484375,370.8200073242188,370.6586608886719,2756800
2025-05-01,GEV,383.3399963378906,387.5199890136719,378.4700012207031,382.2900085449219,382.1236572265625,3246800
2025-05-01,GEV,383.3399963378906,387.5199890136719,378.4700012207031,382.2900085449219,382.1236572265625,3246800
2025-05-02,GEV,391.0,403.4200134277344,385.5499877929688,396.3200073242188,396.1475524902344,3602400
2025-05-02,GEV,391.0,403.4200134277344,385.5499877929688,396.3200073242188,396.1475524902344,3602400
2025-05-05,GEV,392.0,403.7999877929688,390.21099853515625,401.1000061035156,400.9254760742188,2296900
2025-05-05,GEV,392.0,403.7999877929688,390.21099853515625,401.1000061035156,400.9254760742188,2296900
2025-05-06,GEV,394.5700073242188,402.6400146484375,392.1199951171875,401.2300109863281,401.055419921875,2242700
2025-05-06,GEV,394.5700073242188,402.6400146484375,392.1199951171875,401.2300109863281,401.055419921875,2242700
2025-05-07,GEV,400.0,407.2900085449219,397.010009765625,406.80999755859375,406.6329956054688,2488700
2025-05-07,GEV,400.0,407.2900085449219,397.010009765625,406.80999755859375,406.6329956054688,2488700
2025-05-08,GEV,410.0,413.75,393.8599853515625,394.0,393.82855224609375,3346400
2025-05-08,GEV,410.0,413.75,393.8599853515625,394.0,393.82855224609375,3346400
2025-05-09,GEV,396.25,399.7799987792969,387.0299987792969,399.260009765625,399.0862731933594,2383700
2025-05-09,GEV,396.25,399.7799987792969,387.0299987792969,399.260009765625,399.0862731933594,2383700
2025-05-12,GEV,415.0,418.7999877929688,408.8200073242188,416.6300048828125,416.44873046875,2989900
2025-05-12,GEV,415.0,418.7999877929688,408.8200073242188,416.6300048828125,416.44873046875,2989900
2025-05-13,GEV,420.9100036621094,444.0,420.0,433.3299865722656,433.1414489746094,4769700
2025-05-13,GEV,420.9100036621094,444.0,420.0,433.3299865722656,433.1414489746094,4769700
2025-05-14,GEV,438.9200134277344,440.3399963378906,431.8200073242188,432.8399963378906,432.6516723632813,2577200
2025-05-14,GEV,438.9200134277344,440.3399963378906,431.8200073242188,432.8399963378906,432.6516723632813,2577200
2025-05-15,GEV,430.1700134277344,432.7900085449219,425.3900146484375,426.9700012207031,426.7842102050781,2954300
2025-05-15,GEV,430.1700134277344,432.7900085449219,425.3900146484375,426.9700012207031,426.7842102050781,2954300
2025-05-16,GEV,431.0,431.4630126953125,423.1000061035156,428.05999755859375,427.8737487792969,2603800
2025-05-16,GEV,431.0,431.4630126953125,423.1000061035156,428.05999755859375,427.8737487792969,2603800
2025-05-19,GEV,424.5,447.4450073242188,421.6380004882813,446.6000061035156,446.4056701660156,3128700
2025-05-19,GEV,424.5,447.4450073242188,421.6380004882813,446.6000061035156,446.4056701660156,3128700
2025-05-20,GEV,443.7799987792969,451.364990234375,442.5570068359375,450.0400085449219,449.84417724609375,2756700
2025-05-20,GEV,443.7799987792969,451.364990234375,442.5570068359375,450.0400085449219,449.84417724609375,2756700
2025-05-21,GEV,447.0,463.0,446.5,453.0299987792969,452.8328857421875,3932400
2025-05-21,GEV,447.0,463.0,446.5,453.0299987792969,452.8328857421875,3932400
2025-05-22,GEV,453.0,464.7000122070313,448.4500122070313,458.8200073242188,458.620361328125,2713800
2025-05-22,GEV,453.0,464.7000122070313,448.4500122070313,458.8200073242188,458.620361328125,2713800
2025-05-23,GEV,460.010009765625,469.8110046386719,458.7900085449219,464.3900146484375,464.1879577636719,3571600
2025-05-23,GEV,460.010009765625,469.8110046386719,458.7900085449219,464.3900146484375,464.1879577636719,3571600
2025-05-27,GEV,471.6400146484375,476.010009765625,466.0,471.510009765625,471.3048400878906,2942600
2025-05-27,GEV,471.6400146484375,476.010009765625,466.0,471.510009765625,471.3048400878906,2942600
2025-05-28,GEV,468.5400085449219,487.3999938964844,467.5,485.010009765625,484.7989807128906,3318100
2025-05-28,GEV,468.5400085449219,487.3999938964844,467.5,485.010009765625,484.7989807128906,3318100
2025-05-29,GEV,487.25,489.1300048828125,462.0,471.1700134277344,470.9649963378906,4291100
2025-05-29,GEV,487.25,489.1300048828125,462.0,471.1700134277344,470.9649963378906,4291100
2025-05-30,GEV,470.0,473.7900085449219,463.3399963378906,472.9800109863281,472.7742004394531,5092500
2025-05-30,GEV,470.0,473.7900085449219,463.3399963378906,472.9800109863281,472.7742004394531,5092500
2025-06-02,GEV,475.0,486.2799987792969,472.489990234375,485.1600036621094,484.9489135742188,2514400
2025-06-02,GEV,475.0,486.2799987792969,472.489990234375,485.1600036621094,484.9489135742188,2514400
2025-06-03,GEV,494.0,500.7200012207031,485.0,492.9700012207031,492.7554931640625,3476900
2025-06-03,GEV,494.0,500.7200012207031,485.0,492.9700012207031,492.7554931640625,3476900
2025-06-04,GEV,493.7300109863281,499.4299926757813,486.510009765625,488.1300048828125,487.9176025390625,2193600
2025-06-04,GEV,493.7300109863281,499.4299926757813,486.510009765625,488.1300048828125,487.9176025390625,2193600
2025-06-05,GEV,491.0700073242188,493.8699951171875,479.5379943847656,484.30999755859375,484.0992736816406,2443700
2025-06-05,GEV,491.0700073242188,493.8699951171875,479.5379943847656,484.30999755859375,484.0992736816406,2443700
2025-06-06,GEV,486.7799987792969,488.9500122070313,478.0,485.0,484.7889709472656,2101100
2025-06-06,GEV,486.7799987792969,488.9500122070313,478.0,485.0,484.7889709472656,2101100
2025-06-09,GEV,492.0,492.30999755859375,479.7999877929688,480.0,479.7911376953125,2346900
2025-06-09,GEV,492.0,492.30999755859375,479.7999877929688,480.0,479.7911376953125,2346900
2025-06-10,GEV,482.3599853515625,482.6900024414063,458.64599609375,465.30999755859375,465.1075439453125,3944400
2025-06-10,GEV,482.3599853515625,482.6900024414063,458.64599609375,465.30999755859375,465.1075439453125,3944400
2025-06-11,GEV,469.5199890136719,484.3299865722656,464.0,483.4700012207031,483.2596435546875,3100400
2025-06-11,GEV,469.5199890136719,484.3299865722656,464.0,483.4700012207031,483.2596435546875,3100400
2025-06-12,GEV,478.80999755859375,489.7099914550781,478.1000061035156,487.6700134277344,487.4578247070313,2431900
2025-06-12,GEV,478.80999755859375,489.7099914550781,478.1000061035156,487.6700134277344,487.4578247070313,2431900
2025-06-13,GEV,477.6799926757813,484.62799072265625,474.2099914550781,478.4500122070313,478.2418212890625,2433900
2025-06-13,GEV,477.6799926757813,484.62799072265625,474.2099914550781,478.4500122070313,478.2418212890625,2433900
2025-06-16,GEV,480.0,492.5299987792969,480.0,487.8800048828125,487.667724609375,2134800
2025-06-16,GEV,480.0,492.5299987792969,480.0,487.8800048828125,487.667724609375,2134800
2025-06-17,GEV,486.7699890136719,494.0199890136719,481.6000061035156,488.6600036621094,488.4473876953125,2160400
2025-06-17,GEV,486.7699890136719,494.0199890136719,481.6000061035156,488.6600036621094,488.4473876953125,2160400
2025-06-18,GEV,486.7900085449219,491.1300048828125,482.010009765625,490.1900024414063,489.9767150878906,2240200
2025-06-18,GEV,486.7900085449219,491.1300048828125,482.010009765625,490.1900024414063,489.9767150878906,2240200
2025-06-20,GEV,493.5299987792969,496.010009765625,480.5499877929688,486.9599914550781,486.74810791015625,4002400
2025-06-20,GEV,493.5299987792969,496.010009765625,480.5499877929688,486.9599914550781,486.74810791015625,4002400
2025-06-23,GEV,486.6600036621094,500.0400085449219,479.0400085449219,499.8800048828125,499.6625061035156,3098000
2025-06-23,GEV,486.6600036621094,500.0400085449219,479.0400085449219,499.8800048828125,499.6625061035156,3098000
2025-06-24,GEV,505.9599914550781,512.8200073242188,496.7300109863281,510.8399963378906,510.6177368164063,2692600
2025-06-24,GEV,505.9599914550781,512.8200073242188,496.7300109863281,510.8399963378906,510.6177368164063,2692600
2025-06-25,GEV,516.0,522.969970703125,502.25,502.6700134277344,502.4512939453125,2476000
2025-06-25,GEV,516.0,522.969970703125,502.25,502.6700134277344,502.4512939453125,2476000
2025-06-26,GEV,505.0,508.9100036621094,498.80999755859375,506.80999755859375,506.5894775390625,2205700
2025-06-26,GEV,505.0,508.9100036621094,498.80999755859375,506.80999755859375,506.5894775390625,2205700
2025-06-27,GEV,507.0,532.5900268554688,503.0,519.6599731445312,519.433837890625,9150300
2025-06-27,GEV,507.0,532.5900268554688,503.0,519.6599731445312,519.433837890625,9150300
2025-06-30,GEV,524.27001953125,531.3699951171875,516.593994140625,529.1500244140625,528.9197998046875,2030100
2025-06-30,GEV,524.27001953125,531.3699951171875,516.593994140625,529.1500244140625,528.9197998046875,2030100
2025-07-01,GEV,525.1599731445312,528.0,482.2000122070313,506.0,505.7798461914063,6527000
2025-07-01,GEV,525.1599731445312,528.0,482.2000122070313,506.0,505.7798461914063,6527000
2025-07-02,GEV,502.5799865722656,511.5199890136719,497.2999877929688,505.0700073242188,504.8502502441406,3389500
2025-07-02,GEV,502.5799865722656,511.5199890136719,497.2999877929688,505.0700073242188,504.8502502441406,3389500
2025-07-03,GEV,511.739990234375,519.7100219726562,506.0199890136719,517.0399780273438,516.8150024414062,1809200
2025-07-03,GEV,511.739990234375,519.7100219726562,506.0199890136719,517.0399780273438,516.8150024414062,1809200
2025-07-07,GEV,520.0,531.1900024414062,514.0800170898438,530.280029296875,530.04931640625,2268100
2025-07-07,GEV,520.0,531.1900024414062,514.0800170898438,530.280029296875,530.04931640625,2268100
2025-07-08,GEV,535.0,537.219970703125,511.5,530.0,529.7694091796875,3130700
2025-07-08,GEV,535.0,537.219970703125,511.5,530.0,529.7694091796875,3130700
2025-07-09,GEV,535.5599975585938,545.6300048828125,530.0,535.77001953125,535.5369262695312,2295700
2025-07-09,GEV,535.5599975585938,545.6300048828125,530.0,535.77001953125,535.5369262695312,2295700
2025-07-10,GEV,539.0399780273438,542.3699951171875,520.0,539.3599853515625,539.1253051757812,2506200
2025-07-10,GEV,539.0399780273438,542.3699951171875,520.0,539.3599853515625,539.1253051757812,2506200
2025-07-11,GEV,538.0,546.6500244140625,534.6699829101562,539.1599731445312,538.9253540039062,2286500
2025-07-11,GEV,538.0,546.6500244140625,534.6699829101562,539.1599731445312,538.9253540039062,2286500
2025-07-14,GEV,541.4500122070312,555.85498046875,540.0,555.0399780273438,554.7984619140625,2471700
2025-07-14,GEV,541.4500122070312,555.85498046875,540.0,555.0399780273438,554.7984619140625,2471700
2025-07-15,GEV,556.8099975585938,560.6300048828125,545.489990234375,559.6099853515625,559.3665161132812,2576900
2025-07-15,GEV,556.8099975585938,560.6300048828125,545.489990234375,559.6099853515625,559.3665161132812,2576900
2025-07-16,GEV,559.6199951171875,566.52001953125,552.0,561.1699829101562,560.92578125,1953400
2025-07-16,GEV,559.6199951171875,566.52001953125,552.0,561.1699829101562,560.92578125,1953400
2025-07-17,GEV,568.6500244140625,581.2650146484375,566.219970703125,570.1699829101562,569.921875,2569400
2025-07-17,GEV,568.6500244140625,581.2650146484375,566.219970703125,570.1699829101562,569.921875,2569400
2025-07-18,GEV,570.6099853515625,579.0250244140625,567.0,574.5999755859375,574.3499755859375,2052800
2025-07-18,GEV,570.6099853515625,579.0250244140625,567.0,574.5999755859375,574.3499755859375,2052800
2025-07-21,GEV,576.1400146484375,577.625,564.6599731445312,565.9099731445312,565.9099731445312,2146800
2025-07-21,GEV,576.1400146484375,577.625,564.6599731445312,565.9099731445312,565.9099731445312,2146800
2025-07-22,GEV,558.510009765625,558.510009765625,537.155029296875,548.989990234375,548.989990234375,3938500
2025-07-22,GEV,558.510009765625,558.510009765625,537.155029296875,548.989990234375,548.989990234375,3938500
2025-07-23,GEV,595.75,633.719970703125,585.0,629.030029296875,629.030029296875,7081300
2025-07-23,GEV,595.75,633.719970703125,585.0,629.030029296875,629.030029296875,7081300
2025-07-24,GEV,632.27001953125,633.0700073242188,615.2999877929688,623.969970703125,623.969970703125,3918600
2025-07-24,GEV,632.27001953125,633.0700073242188,615.2999877929688,623.969970703125,623.969970703125,3918600
2025-07-25,GEV,630.0,651.219970703125,626.0,644.5900268554688,644.5900268554688,3604500
2025-07-25,GEV,630.0,651.219970703125,626.0,644.5900268554688,644.5900268554688,3604500
2025-07-28,GEV,638.260009765625,648.5180053710938,631.1599731445312,647.6599731445312,647.6599731445312,2920600
2025-07-28,GEV,638.260009765625,648.5180053710938,631.1599731445312,647.6599731445312,647.6599731445312,2920600
2025-07-29,GEV,646.989990234375,655.6500244140625,629.989990234375,632.6699829101562,632.6699829101562,2749900
2025-07-29,GEV,646.989990234375,655.6500244140625,629.989990234375,632.6699829101562,632.6699829101562,2749900
2025-07-30,GEV,639.9500122070312,656.1699829101562,635.1699829101562,655.0,655.0,2699600
2025-07-30,GEV,639.9500122070312,656.1699829101562,635.1699829101562,655.0,655.0,2699600
2025-07-31,GEV,660.0,677.2899780273438,656.0700073242188,660.2899780273438,660.2899780273438,3343000
2025-07-31,GEV,660.0,677.2899780273438,656.0700073242188,660.2899780273438,660.2899780273438,3343000
2025-08-01,GEV,638.1799926757812,664.260009765625,632.4600219726562,656.5,656.5,3077400
2025-08-01,GEV,638.1799926757812,664.260009765625,632.4600219726562,656.5,656.5,3077400
2025-08-04,GEV,659.3599853515625,674.969970703125,653.9500122070312,662.77001953125,662.77001953125,2155900
2025-08-04,GEV,659.3599853515625,674.969970703125,653.9500122070312,662.77001953125,662.77001953125,2155900
2025-08-05,GEV,661.239990234375,665.1099853515625,643.9600219726562,649.719970703125,649.719970703125,2180200
2025-08-05,GEV,661.239990234375,665.1099853515625,643.9600219726562,649.719970703125,649.719970703125,2180200
2025-08-06,GEV,646.6300048828125,666.2899780273438,644.0,664.5499877929688,664.5499877929688,1894900
2025-08-06,GEV,646.6300048828125,666.2899780273438,644.0,664.5499877929688,664.5499877929688,1894900
2025-08-07,GEV,665.77001953125,669.3829956054688,638.52001953125,645.8599853515625,645.8599853515625,2239900
2025-08-07,GEV,665.77001953125,669.3829956054688,638.52001953125,645.8599853515625,645.8599853515625,2239900
2025-08-08,GEV,655.22998046875,656.25,639.1699829101562,649.0900268554688,649.0900268554688,1888700
2025-08-08,GEV,655.22998046875,656.25,639.1699829101562,649.0900268554688,649.0900268554688,1888700
2025-08-11,GEV,641.0,653.4199829101562,637.3699951171875,650.760009765625,650.760009765625,1687600
2025-08-11,GEV,641.0,653.4199829101562,637.3699951171875,650.760009765625,650.760009765625,1687600
2025-08-12,GEV,652.739990234375,662.8350219726562,651.0,657.4400024414062,657.4400024414062,1803400
2025-08-12,GEV,652.739990234375,662.8350219726562,651.0,657.4400024414062,657.4400024414062,1803400
2025-08-13,GEV,662.3200073242188,666.1500244140625,614.22998046875,634.3099975585938,634.3099975585938,3936400
2025-08-13,GEV,662.3200073242188,666.1500244140625,614.22998046875,634.3099975585938,634.3099975585938,3936400
2025-08-14,GEV,627.0,640.280029296875,620.280029296875,625.27001953125,625.27001953125,2534400
2025-08-14,GEV,627.0,640.280029296875,620.280029296875,625.27001953125,625.27001953125,2534400
2025-08-15,GEV,624.030029296875,624.030029296875,607.8599853515625,621.9099731445312,621.9099731445312,2488200
2025-08-15,GEV,624.030029296875,624.030029296875,607.8599853515625,621.9099731445312,621.9099731445312,2488200
2025-08-18,GEV,621.3800048828125,628.5449829101562,614.22998046875,625.02001953125,625.02001953125,1860400
2025-08-18,GEV,621.3800048828125,628.5449829101562,614.22998046875,625.02001953125,625.02001953125,1860400
2025-08-19,GEV,620.5499877929688,620.97998046875,595.1900024414062,603.1300048828125,603.1300048828125,3096700
2025-08-19,GEV,620.5499877929688,620.97998046875,595.1900024414062,603.1300048828125,603.1300048828125,3096700
2025-08-20,GEV,592.6099853515625,607.77001953125,581.22998046875,604.5900268554688,604.5900268554688,3575800
2025-08-20,GEV,592.6099853515625,607.77001953125,581.22998046875,604.5900268554688,604.5900268554688,3575800
2025-08-21,GEV,607.02001953125,620.0,605.3099975585938,606.0,606.0,2566600
2025-08-21,GEV,607.02001953125,620.0,605.3099975585938,606.0,606.0,2566600
2025-08-22,GEV,607.969970703125,623.97998046875,602.5,607.0700073242188,607.0700073242188,2727700
2025-08-22,GEV,607.969970703125,623.97998046875,602.5,607.0700073242188,607.0700073242188,2727700
2025-08-25,GEV,608.8300170898438,614.4710083007812,597.0339965820312,602.3099975585938,602.3099975585938,2130000
2025-08-25,GEV,608.8300170898438,614.4710083007812,597.0339965820312,602.3099975585938,602.3099975585938,2130000
2025-08-26,GEV,603.8499755859375,628.5800170898438,603.0419921875,625.9099731445312,625.9099731445312,2689400
2025-08-26,GEV,603.8499755859375,628.5800170898438,603.0419921875,625.9099731445312,625.9099731445312,2689400
2025-08-27,GEV,625.219970703125,629.9349975585938,618.0,622.3900146484375,622.3900146484375,1862900
2025-08-27,GEV,625.219970703125,629.9349975585938,618.0,622.3900146484375,622.3900146484375,1862900
2025-08-28,GEV,626.780029296875,646.9500122070312,626.780029296875,633.6900024414062,633.6900024414062,2256400
2025-08-28,GEV,626.780029296875,646.9500122070312,626.780029296875,633.6900024414062,633.6900024414062,2256400
2025-08-29,GEV,631.8599853515625,635.0,609.3400268554688,612.969970703125,612.969970703125,2266400
2025-08-29,GEV,631.8599853515625,635.0,609.3400268554688,612.969970703125,612.969970703125,2266400
2025-09-02,GEV,590.5499877929688,594.0,567.8599853515625,579.6799926757812,579.6799926757812,5267300
2025-09-02,GEV,590.5499877929688,594.0,567.8599853515625,579.6799926757812,579.6799926757812,5267300
2025-09-03,GEV,586.2849731445312,586.2849731445312,565.4299926757812,577.0399780273438,577.0399780273438,3657500
2025-09-03,GEV,586.2849731445312,586.2849731445312,565.4299926757812,577.0399780273438,577.0399780273438,3657500
2025-09-04,GEV,580.8099975585938,600.3699951171875,580.0599975585938,598.8099975585938,598.8099975585938,3195400
2025-09-04,GEV,580.8099975585938,600.3699951171875,580.0599975585938,598.8099975585938,598.8099975585938,3195400
2025-09-05,GEV,599.9600219726562,604.5,565.5,582.0800170898438,582.0800170898438,3477700
2025-09-05,GEV,599.9600219726562,604.5,565.5,582.0800170898438,582.0800170898438,3477700
2025-09-08,GEV,594.4099731445312,606.0,584.9400024414062,600.22998046875,600.22998046875,2513700
2025-09-08,GEV,594.4099731445312,606.0,584.9400024414062,600.22998046875,600.22998046875,2513700
2025-09-09,GEV,606.3499755859375,607.6900024414062,594.77001953125,605.7000122070312,605.7000122070312,1863900
2025-09-09,GEV,606.3499755859375,607.6900024414062,594.77001953125,605.7000122070312,605.7000122070312,1863900
2025-09-10,GEV,625.0,645.1900024414062,623.0,643.5599975585938,643.5599975585938,3878700
2025-09-10,GEV,625.0,645.1900024414062,623.0,643.5599975585938,643.5599975585938,3878700
2025-09-11,GEV,648.75,653.5,620.0999755859375,634.1500244140625,634.1500244140625,4099900
2025-09-11,GEV,648.75,653.5,620.0999755859375,634.1500244140625,634.1500244140625,4099900
2025-09-12,GEV,632.1199951171875,646.8800048828125,624.1500244140625,625.5499877929688,625.5499877929688,2640400
2025-09-12,GEV,632.1199951171875,646.8800048828125,624.1500244140625,625.5499877929688,625.5499877929688,2640400
2025-09-15,GEV,630.1500244140625,639.8900146484375,624.0999755859375,628.6799926757812,628.6799926757812,1851900
2025-09-15,GEV,630.1500244140625,639.8900146484375,624.0999755859375,628.6799926757812,628.6799926757812,1851900
2025-09-16,GEV,629.5,633.52001953125,608.72998046875,617.9099731445312,617.9099731445312,3104100
2025-09-16,GEV,629.5,633.52001953125,608.72998046875,617.9099731445312,617.9099731445312,3104100
2025-09-17,GEV,616.4000244140625,619.114013671875,601.1199951171875,614.7899780273438,614.7899780273438,2058400
2025-09-17,GEV,616.4000244140625,619.114013671875,601.1199951171875,614.7899780273438,614.7899780273438,2058400
2025-09-18,GEV,622.9600219726562,627.0999755859375,611.0,611.0,611.0,2245600
2025-09-18,GEV,622.9600219726562,627.0999755859375,611.0,611.0,611.0,2245600
2025-09-19,GEV,611.6900024414062,625.6599731445312,596.5059814453125,624.1699829101562,624.1699829101562,4107300
2025-09-19,GEV,611.6900024414062,625.6599731445312,596.5059814453125,624.1699829101562,624.1699829101562,4107300
2025-09-22,GEV,620.1099853515625,648.5,620.1099853515625,644.3699951171875,644.3699951171875,2566000
2025-09-22,GEV,620.1099853515625,648.5,620.1099853515625,644.3699951171875,644.3699951171875,2566000
2025-09-23,GEV,644.6799926757812,644.7210083007812,622.2000122070312,633.4099731445312,633.4099731445312,2427200
2025-09-23,GEV,644.6799926757812,644.7210083007812,622.2000122070312,633.4099731445312,633.4099731445312,2427200
2025-09-24,GEV,640.0,642.0,624.1900024414062,628.969970703125,628.969970703125,1617200
2025-09-24,GEV,640.0,642.0,624.1900024414062,628.969970703125,628.969970703125,1617200
2025-09-25,GEV,614.905029296875,619.7470092773438,593.3800048828125,607.52001953125,607.52001953125,3202500
2025-09-25,GEV,614.905029296875,619.7470092773438,593.3800048828125,607.52001953125,607.52001953125,3202500
2025-09-26,GEV,610.0,615.1400146484375,598.1099853515625,605.1699829101562,605.1699829101562,1845300
2025-09-26,GEV,610.0,615.1400146484375,598.1099853515625,605.1699829101562,605.1699829101562,1845300
2025-09-29,GEV,612.4500122070312,616.4400024414062,596.3800048828125,602.4299926757812,602.4299926757812,2188700
2025-09-29,GEV,612.4500122070312,616.4400024414062,596.3800048828125,602.4299926757812,602.4299926757812,2188700
2025-09-30,GEV,604.8800048828125,614.9400024414062,603.2990112304688,614.9000244140625,614.9000244140625,1818700
2025-09-30,GEV,604.8800048828125,614.9400024414062,603.2990112304688,614.9000244140625,614.9000244140625,1818700
2025-10-01,GEV,599.6400146484375,610.6599731445312,595.0,606.1500244140625,606.1500244140625,2423600
2025-10-01,GEV,599.6400146484375,610.6599731445312,595.0,606.1500244140625,606.1500244140625,2423600
2025-10-02,GEV,611.1099853515625,622.5,603.614990234375,606.22998046875,606.22998046875,2044600
2025-10-02,GEV,611.1099853515625,622.5,603.614990234375,606.22998046875,606.22998046875,2044600
2025-10-03,GEV,610.2899780273438,611.75,588.0,594.989990234375,594.989990234375,2668500
2025-10-03,GEV,610.2899780273438,611.75,588.0,594.989990234375,594.989990234375,2668500
2025-10-06,GEV,606.0,608.5900268554688,593.7000122070312,603.219970703125,603.219970703125,1950800
2025-10-06,GEV,606.0,608.5900268554688,593.7000122070312,603.219970703125,603.219970703125,1950800
2025-10-07,GEV,603.155029296875,609.3900146484375,592.0,606.1199951171875,606.1199951171875,2160800
2025-10-07,GEV,603.155029296875,609.3900146484375,592.0,606.1199951171875,606.1199951171875,2160800
2025-10-08,GEV,613.0,613.9998779296875,599.0,605.5,605.5,364401
2025-10-08,GEV,613.0,613.9998779296875,599.0,605.5,605.5,364401
2025-10-01,GEV,599.6400146484375,610.6599731445312,595.0,606.1500244140625,606.1500244140625,2423600
2025-10-02,GEV,611.1099853515625,622.5,603.614990234375,606.22998046875,606.22998046875,2044600
2025-10-03,GEV,610.2899780273438,611.75,588.0,594.989990234375,594.989990234375,2668500
2025-10-06,GEV,606.0,608.5900268554688,593.7000122070312,603.219970703125,603.219970703125,1950800
2025-10-07,GEV,603.155029296875,609.3900146484375,592.0,606.1199951171875,606.1199951171875,2160800
2025-10-08,GEV,613.0,613.9998779296875,599.0,607.594970703125,607.594970703125,410151
2025-10-01,GEV,599.6400146484375,610.6599731445312,595.0,606.1500244140625,606.1500244140625,2423600
2025-10-02,GEV,611.1099853515625,622.5,603.614990234375,606.22998046875,606.22998046875,2044600
2025-10-03,GEV,610.2899780273438,611.75,588.0,594.989990234375,594.989990234375,2668500
2025-10-06,GEV,606.0,608.5900268554688,593.7000122070312,603.219970703125,603.219970703125,1950800
2025-10-07,GEV,603.155029296875,609.3900146484375,592.0,606.1199951171875,606.1199951171875,2160800
2025-10-08,GEV,613.0,613.9998779296875,599.0,607.594970703125,607.594970703125,410151
